Id,Name
4113,Constantine Caramanis
4828,Richard L. Lewis
5506,Ryan Kiros
7331,Kfir Levy
8429,Wei Cao
7525,Hsiao-Yu Tung
7997,Kai Wei
4137,Mark Schmidt
8142,Dimitris Papailiopoulos
6471,Ce Zhang
1431,Ron Meir
7485,Jimmy SJ Ren
7982,Marin Kobilarov
6320,Nikhil Rao
8043,Rahul Kidambi
8249,Tianqi Chen
4548,Mohammad E. Khan
6650,Sebastien Bubeck
5192,Rémi Bardenet
7963,Dominik Rothenhäusler
7950,Luis Pualo Reis
7398,Ross Girshick
8247,Samuel Livingstone
3387,Huan Xu
5348,Quanquan Gu
5542,Pinghua Gong
8195,Dharmendra S. Modha
8160,Ian Kash
6798,Bernt Schiele
7564,koray kavukcuoglu
4783,Jason D. Lee
7190,Tapani Raiko
7919,Gary Holt
6333,Judea Pearl
2559,Thorsten Joachims
8358,Wittawat Jitkrittum
7969,Hanjun Dai
7865,Leon Gatys
7905,Leo Kärkkäinen
4671,Purushottam Kar
7886,Xiaozhi Chen
8205,Chris Fernandez
3964,Volkan Cevher
8423,Masrour Zoghi
1965,John W. Fisher III
8121,Edo Collins
8238,Matthew A. Johnson
7951,Ahmed Hefny
7936,Stéphanie ALLASSONNIERE
7132,Anqi Wu
8117,Ian Reid
8045,Yuxin Chen
2160,E. J. Chichilnisky
8284,Laura Balzano
6804,François Fleuret
8037,Michael Chertkov
8275,Noam Brown
969,Thomas Hofmann
8107,James Lu
8098,Xiang Zhang
7873,Aleksandar Zlateski
6514,Behnam Neyshabur
2336,Tuomas Sandholm
5571,Oriol Vinyals
7916,Zhe Gan
4523,Fuxin Li
3453,John C. Duchi
4684,András György
4931,Martin Slawski
8360,Tian Gao
8015,Ahmed Alaoui
6765,Satinder Singh
6526,Yann Dauphin
8320,Wai-kin Wong
8386,Bo Waggoner
8435,Sorathan Chaturapruek
7896,Jean-Pierre David
8176,Sainbayar Sukhbaatar
7885,Marcus Buckmann
3630,Elad Hazan
8140,peter j. bickel
8384,Aaron Roth
8345,Jianfeng Gao
7651,Martin Jaggi
8355,Stephane Marchand-Maillet
8419,Ibrahim M. Alabdulmohsin
8227,Jimin Song
8334,Djork-Arné Clevert
8277,james m. robins
8278,Guillaume P. Dehaene
8078,Jack Gorham
7891,Yulai Cong
6376,Karen Simonyan
7942,Lennart Svensson
8067,Sixin Zhang
8245,Mathew Monfort
5207,Joseph J. Lim
7477,Yuya Yoshikawa
8295,Joseph Lehec
4867,Christoph H. Lampert
6368,Inderjit S. Dhillon
8371,Radu Marinescu
8167,Gautam C. Kamath
7910,Kyle Kastner
6643,Vitaly Feldman
8422,Suriya Gunasekar
710,Robert E. Schapire
7148,Evangelos Theodorou
8337,Manuel Watter
3894,Garvesh Raskutti
7915,Jascha Sohl-Dickstein
8397,Pekka Parviainen
7954,Farzaneh Mirzazadeh
7971,Hong Wang
8402,Huasen Wu
7432,Tengyu Ma
6639,Daniel Vainsencher
2708,Georgios Theocharous
5305,Moritz Hardt
7427,Andres Munoz
7888,Yukun Zhu
8239,Roland Kwitt
8200,Meire Fortunato
6690,James R. Voss
6461,Jun Zhu
7941,Amir Dezfouli
3599,Charlie Frogner
8210,Gustavo Malkomes
6613,James R. Lloyd
7887,Kaustav Kundu
8258,Dan Alistarh
4452,Ricardo Henao
8024,Avi Wigderson
8287,Guang Cheng
4283,Venkatesh Saligrama
4379,Sanja Fidler
8280,Yang Ning
7934,Dinggang Shen
8170,Jan Vondrak
4596,Surya Ganguli
5067,Guillaume Desjardins
8369,Jimeng Sun
7920,Eugene Davydov
7344,Kai Zhong
8144,Peter Lofgren
8005,Mohamed Osama Ahmed
8041,Zoltan Szabo
7996,Rina Foygel Barber
4568,Hiroshi Nakagawa
7145,Yinlam Chow
8181,Klaus Greff
2091,David Hsu
8406,Tatsunori Hashimoto
5418,Alexander T. Ihler
8407,Saurabh Paul
4613,Wei Wang
8329,Jon McAuliffe
2539,Sanjiv Kumar
8139,Mark Kozdoba
5308,Dhruv Batra
4682,Gergely Neu
8114,Stefan Kiebel
7421,Jacob Andreas
8013,Brian Caffo
1370,Brendan J. Frey
4194,Bertrand Thirion
7955,Jessa Bekker
8052,Adith Swaminathan
8102,Jeff Pool
2458,Antonio Torralba
3559,Percy S. Liang
3011,Lorenzo Rosasco
8004,Reza Harikandeh
7912,Chris Piech
4134,Lei Wang
4356,Sewoong Oh
8266,Fredrik D. Johansson
1020,Zoubin Ghahramani
8030,Xia Qu
2467,Ofer Dekel
8128,Juho Lee
7147,Yunpeng Pan
8194,Rathinakumar Appuswamy
5587,Alex Schwing
350,Samy Bengio
8221,Alexander G. Matthews
2649,Denny Zhou
8082,Laurent U. Perrinet
4348,Timothy T. Rogers
6338,Michael I. Jordan
4085,Edo M. Airoldi
8040,Ehsan Abbasi
4344,Arthur Choi
8272,Colin Sandon
2850,Suvrit Sra
6448,Yasin Abbasi
8032,Cameron Musco
3138,Rebecca Willett
8273,Bhaswar Bhattacharya
8339,Anoop Korattikara Balan
8404,Xin Liu
8111,Marylou Gabrie
6413,Jonathan P. How
8302,Felix Yu
8268,Róbert Busa-Fekete
8365,Dmytro Shlezinger
7908,Georges A. Goetz
8428,Oren Anava
8264,Megasthenis Asteris
3668,David Sontag
1252,Mark Herbster
8091,Fereshteh Sadeghi
8387,Yen-Chi Chen
8042,Bethany Lusch
6834,Christopher R. Genovese
6503,Ziteng Wang
7995,Wooseok Ha
8154,Alp Yurtsever
6418,Zheng Wen
7911,Kratarth Goel
7922,Dietmar Ebner
8185,Po-Hsuan (Cameron) Chen
8232,Quoc Phong Nguyen
8361,Jiaji Huang
7892,Danilo Bzdok
8281,Arya Mazumdar
6612,José Miguel Hernández-Lobato
5197,Philip S. Thomas
8269,Adil Paul
6722,Jesse Davis
7869,Łukasz Kaiser
5523,Nicolas Heess
7189,Marijn F. Stollenga
7948,Rudolf Lioutikov
7902,Vaibhav Srivastava
7317,Kevin Scaman
2797,Tomoharu Iwata
4730,Alexandre Gramfort
1141,Sepp Hochreiter
4241,Peter J. Ramadge
8211,Dennis Barbour
575,Robert C. Williamson
6736,Gregory Valiant
5077,Tomer Koren
1033,Tomás Lozano-Pérez
8010,Raman Sankaran
6301,Roger B. Grosse
8374,Kirill Trapeznikov
6780,Pascal Fua
3394,Vikas Sindhwani
6628,Robert Calderbank
7531,Alaa Saade
4503,Armand Joulin
8267,Ankani Chattoraj
8330,Mr. Prabhat
8022,Min Li
8354,Ke Sun
8352,David Bindel
5656,Francisco Ruiz
3110,Larry Wasserman
3862,Ryan P. Adams
6685,Brenden M. Lake
8174,Dylan J. Foster
758,Yoav Freund
8262,Theophane Weber
8380,Dinesh Ramasamy
4851,Sashank J. Reddi
7476,Shou-De Lin
7938,Minhyung Cho
1946,Ming-Hsuan Yang
7990,Olivier Fercoq
7449,Richard E. Turner
8263,Anuj Mahajan
8155,Quoc Tran Dinh
5686,Tomi Silander
8382,Cynthia Dwork
7972,Wei Xing
8300,Aditya Menon
2813,Harri Valpola
3336,Wenye Li
8290,Shan-Wei Lin
7957,Miguel Lázaro-Gredilla
8173,Alexandre Bayen
3388,Carsten Rother
8123,Gregory Wayne
8231,Ted Meeds
8244,Elaine Angelino
1926,Kevin P. Murphy
8135,Amar Shah
8235,Cengiz Pehlevan
8276,Kirthevasan Kandasamy
8381,Upamanyu Madhow
8274,Sriram Vishwanath
7152,Ananda Theertha Suresh
8265,Anastasios Kyrillidis
8433,Julien Audiffren
8416,Huishuai Zhang
5364,Stephen Pasteris
6409,Jinwoo Shin
2133,Christopher D. Manning
8324,Chongxuan Li
3916,Phil Blunsom
7253,Julie A. Shah
1523,Yair Weiss
8363,TIAN TIAN
3569,Jian Li
8310,Michael F. Mathieu
6691,Luis Rademacher
5303,Arindam Banerjee
3539,Leonidas J. Guibas
8375,Michail Kontitsis
2459,Amos J. Storkey
5059,Akshay Krishnamurthy
8390,Wenlin Chen
7926,Dan Dennison
7335,Michal Valko
8393,Weiwei Liu
8134,Marco Zaffalon
2581,Andrew Zisserman
2678,Vladimir Vovk
4023,Katherine A. Heller
3841,Bo Zhang
4917,David K. Duvenaud
8364,Alexander Kirillov
8237,Maxwell Collins
7143,Alan Malek
6452,David Blei
8242,Weili Lin
3823,Takafumi Kanamori
6862,Devdatt Dubhashi
8104,William Dally
7138,Niao He
8317,Alan Aspuru-Guzik
8189,Seunghoon Hong
8312,Robert Legenstein
8172,Walid Krichene
8357,Max Vladymyrov
6406,Florent Krzakala
7899,Mustafa Suleyman
8105,Kevin Ellis
3294,Ping Li
6734,Reshad Hosseini
7195,Kihyuk Sohn
8349,Kush Bhatia
3911,Julien Mairal
4601,Manik Varma
4782,Jacob D. Abernethy
8368,Benedict Leimkuhler
8424,Shimon Whiteson
5539,Dino Sejdinovic
7566,Emily L. Denton
7509,Barnabas Poczos
4280,David Silver
8062,Ryan J. Giordano
8125,Stephen Voinea
8230,S.V.N. Vishwanathan
4762,Justin Domke
6559,Matthew Johnson
5318,Jeff Beck
7127,Ilias Diakonikolas
8259,Jennifer Iglesias
8292,Peter Richtarik
5534,Joseph Wang
8178,Dzmitry Bahdanau
583,Juergen Schmidhuber
6335,Francis Bach
8315,Rafael Bombarell
8412,Jason Hartline
6995,Sushant Sachdeva
8403,R. Srikant
8118,Yu-Ying Liu
6279,Yu-Xiang Wang
8201,Navdeep Jaitly
6620,David J. Fleet
8012,Huitong Qiu
8141,Kristin Branson
8305,Will Kay
8394,Ivor Tsang
7924,Michael Young
8240,Stefan Huber
7451,Tor Lattimore
1559,Wee Sun Lee
8133,Giorgio Corani
7870,Terry Koo
8340,Vivek Rathod
8291,Zheng Qu
7864,Roman Garnett
8049,Igor Colin
8367,Zhanxing Zhu
8228,Kevin Chen
8391,Benjamin Moseley
8261,John Schulman
4227,George Konidaris
4475,Lin Xiao
7913,Jonathan Bassen
8426,Junpei Komiyama
7165,Gabriel Peyré
7875,Shaoqing Ren
8218,Peter Schulam
8373,David B. Smith
7880,Mengye Ren
6449,Csaba Szepesvari
3537,Benjamin Recht
8421,Justin Romberg
6348,Peter L. Bartlett
8119,James McInerney
8215,Jost Springenberg
8083,Changwei Hu
4729,Gael Varoquaux
8033,Christopher Musco
8346,Xinying Song
7411,Murat Kocaoglu
7935,Jean-Baptiste SCHIRATTI
6583,Elias Bareinboim
2385,Matthias Bethge
5282,Anima Anandkumar
1285,Marina Meila
8254,Ilya Razenshteyn
5296,Jayadev Acharya
8131,Charless Fowlkes
2992,Marco Cuturi
8427,Junya Honda
7459,Haipeng Luo
5667,Lucas Theis
7994,Lenka Zdeborová
8168,Mithun Chakraborty
8234,Sanmi Koyejo
8431,Zhize Li
8216,Manuel Blum
2630,David C. Parkes
7949,Nuno Lau
7964,Christina Heinze
8070,Igor Mordatch
2141,Ronan Collobert
6577,Rupesh K. Srivastava
3906,Prateek Jain
7629,Se-Young Yun
7447,Brian Ziebart
8084,Felipe Tobar
5200,Aude Oliva
3697,Tom Erez
8282,Ankit Singh Rawat
8316,Timothy Hirzel
7931,Kim-Han Thung
8112,Eric W. Tramel
7501,Parag Singla
7877,Jian Sun
2410,Adnan Darwiche
1568,Malik Magdon-Ismail
8002,Naoto Ohsaka
5417,Qiang Liu
8184,Max Jaderberg
8018,Xinyang Yi
8188,Dane S. Corneil
8073,Andrew G. Wilson
8192,Keenon Werling
8196,Yuval Harel
8283,Ravi Sastry Ganti
7866,Alexander S. Ecker
4116,Sanmay Das
1925,Yee Whye Teh
6883,John V. Arthur
178,Yoshua Bengio
6349,Rafael Frongillo
6522,Richard Zemel
8093,Ali Farhadi
8437,Theodoros Tsiligkaridis
7601,Jennifer A. Gillenwater
7989,Eugene Ndiaye
8089,Xinchen Yan
6624,Karsten Borgwardt
5623,Mehrdad Mahdavi
6310,Sida Wang
8383,Omer Reingold
7974,Michaël Perrot
6443,Patrick Jaillet
8175,Yuting Zhang
8126,Maria Lomeli
7269,Xiangyu Wang
8344,Xiaodong He
7985,Xiao Li
8209,Jacob Gardner
6740,Jonathan E. Taylor
5163,Philipp Hennig
7405,Razvan Pascanu
2187,Max Welling
4286,Michael W. Mahoney
5236,Chenlei Leng
7943,Fernando Perez-Cruz
7928,Koosha Khalvati
7879,Scott E. Reed
8071,Kendall Lowrey
8187,Yaara Yeshurun
8420,Sohail Bahmani
3538,Jonathan Huang
521,Alon Orlitsky
3472,Ryota Tomioka
1821,Arnaud Doucet
8157,Jennifer Chayes
6868,Purnamrita Sarkar
4037,Aarti Singh
7292,Zaid Harchaoui
3863,Özgür Şimşek
2132,Dan Klein
3606,Alekh Agarwal
4400,Pushmeet Kohli
8296,Raffaello Camoriano
6767,Dan Rosenbaum
8059,Maren Mahsereci
7923,Vinay Chaudhary
4456,Jinbo Xu
6967,Leslie Pack Kaelbling
8432,Ruoyu Sun
6426,Tim Roughgarden
8219,Suchi Saria
8308,Andrew M. Dai
8057,Yuncheng Li
2077,James M. Rehg
8425,Maarten de Rijke
7889,Andrew G. Berneshawi
6582,David E. Carlson
8137,Valentina Fedorova
8328,Jeff Regier
7894,Olivier Grisel
7474,Vibhav G. Gogate
4351,Takeshi Yamada
8434,Chansoo Lee
8356,Miguel A. Carreira-Perpinan
1670,Maneesh Sahani
8417,Yi Zhou
5540,Heiko Strathmann
8006,Alim Virani
5356,Nan Du
7962,Matthias Grossglauser
6408,Murat A. Erdogdu
8220,David Moore
6314,Eric P. Xing
4089,Deepayan Chakrabarti
5146,Alexandros Kalousis
5335,Aditya Khosla
6400,Alessandro Rudi
8110,Dmitry P. Vetrov
5193,Yisong Yue
7526,Yining Wang
2173,Hongyuan Zha
7867,Ming Liang
6523,Tomas Mikolov
4339,James Haxby
7658,Siamak Ravanbakhsh
8202,Peter Flach
8415,Gongguo Tang
7876,Kaiming He
7264,Emmanuel Candes
7890,Huimin Ma
8297,Hsiang-Fu Yu
4027,Wei Xu
8069,Vasilis Syrgkanis
8335,Andreas Mayr
7999,Wenruo Bai
8313,Dougal Maclaurin
8077,Lars Busing
7903,Mathias Berglund
7413,Alexandros G. Dimakis
4262,Wei Chen
8148,Guillaume Papa
8058,Ashwinkumar Badanidiyuru
8411,Marco Pavone
7947,Abbas Abdolmaleki
2978,Xiaojin Zhu
3422,Jakob H. Macke
7243,Samet Oymak
3967,Yi Zhang
8007,Jakub Konečný
7883,Zhiheng Huang
6486,Brian McWilliams
8177,Jan K. Chorowski
8179,Dmitriy Serdyuk
3161,Le Song
8048,Andrej Risteski
2095,Li Deng
7862,Emanuel V. Todorov
7252,Been Kim
8414,Parikshit Shah
8224,Kwang-Sung Jun
7524,Vitaly Kuznetsov
2692,Paul Merolla
8388,Shirley Ho
2093,Shie Mannor
3546,Edwin V. Bonilla
7978,Vince Calhoun
8158,Richard Combes
8327,Albert Wu
3136,Neil Bruce
8206,Nicholas J. Glattard
7881,Haoyuan Gao
7966,Jacob Steinhardt
8025,Huan Li
6637,Yingyu Liang
5274,Jasper Snoek
6653,Alexandre Proutiere
7898,Karl Moritz Hermann
8336,Thomas Unterthiner
4506,Emile Richard
8405,Chong Jiang
7939,Chandra Dhir
8159,Mohammad Sadegh Talebi Mazraeh Shahi
8056,Yijun Huang
863,H. Sebastian Seung
2312,Stuart J. Russell
7932,Le An
8197,Ayan Chakrabarti
7992,Rémi Lemonnier
7228,David I. Inouye
7917,Chunyuan Li
6717,Bogdan Savchynskyy
8085,Soumith Chintala
7933,Feng Shi
7937,Stanley DURRLEMAN
7298,Danilo Jimenez Rezende
7929,William T. Stephenson
8318,Xingjian SHI
8362,Qiang Qiu
8017,Daniel Reichman
8039,CHRISTOS THRAMPOULIDIS
8066,Yingzhen Li
7998,Shengjie Wang
7218,Sheng Chen
6684,Mahito Sugiyama
6507,Adam Smith
5142,Chiyuan Zhang
8319,Zhourong Chen
8252,Piotr Indyk
4933,Carl Vondrick
8271,Emmanuel Abbe
6687,Akshay Balsubramani
8333,Il Memming Park
3087,Aurelie C. Lozano
6342,Shai Shalev-Shwartz
7350,Peter Kairouz
3402,Mingjun Zhong
8214,Katharina Eggensperger
2743,Liva Ralaivola
8035,Sung-Soo Ahn
7945,James Kwok
7318,Mehrdad Farajtabar
7967,Shuang Li
5123,Eyke Hüllermeier
8198,Alexandre de Brébisson
8223,Julian Straub
8430,Yufei Tao
8260,Pratik Jawanpuria
7930,Ehsan Adeli-Mosabbeb
8124,Tim Lillicrap
4132,Chunhua Shen
8204,Lalit Jain
8293,Tasuku Soma
3585,Marcus Liwicki
3292,Honglak Lee
3125,Krishna V. Shenoy
7988,David Tse
8046,Alkis Gotovos
8127,Stefano Favaro
4517,Zoran Popovic
4768,Pranjal Awasthi
8186,Janice Chen
7904,Mikko Honkala
7976,Sergey Plis
7895,Matthieu Courbariaux
3341,Guillermo Sapiro
8115,Gergo Bohner
1573,Doina Precup
7927,Volodymyr Kuleshov
8019,Jean-Bastien grill
8145,Atsushi Shibagaki
8303,Tomas Kocisky
8021,Tom Goldstein
8060,Yichen Wang
8199,Xavier Bouthillier
4580,Mauricio Araya
3072,Nicolas Vayatis
1357,Geoffrey J. Gordon
8003,Yuichi Yoshida
6649,Emma Brunskill
7158,John Lafferty
3055,Kunle Olukotun
4876,Wouter M. Koolen
8350,Himanshu Jain
8162,Daniel Khashabi
7455,Vidyashankar Sivakumar
6457,Tamara Broderick
8075,Jamie H. Morgenstern
7348,Rakesh Shivanna
7901,Michael Shvartsman
7239,Sanjay Chawla
7140,Bharath Sriperumbudur
7542,Charles Sutton
4524,Nan Ding
8074,Christoph Dann
3304,Ambuj Tewari
6485,Zhi-Hua Zhou
7960,Vivien Seguy
3605,John P. Cunningham
4217,Marius Kloft
6533,Laurent Dinh
7878,Jimei Yang
8438,Keith Forsythe
8341,Jianshu Chen
8080,Jonathan Vacher
7975,Amaury Habrard
1323,Dit-Yan Yeung
8289,Aviv Tamar
8161,Kent Quanrud
7882,Jie Zhou
347,Jonathan D. Cohen
6392,Rie Johnson
8101,Song Han
5030,Mijung Park
8326,Andrew Miller
8132,Mauro Scanagatta
2139,John Langford
8095,Qing Sun
6589,Tzu-Kuo Huang
8285,Aurelien Lucchi
7267,Adarsh Prasad
3451,Alexander Rakhlin
8129,Hadi Mohasel Afshar
2650,Arthur Gretton
7987,Farzan Farnia
7212,Junhua Mao
7483,Michael A. Osborne
7207,Anton van den Hengel
8047,Hamed Hassani
8031,Prashant Doshi
3724,Zhouchen Lin
549,Wulfram Gerstner
8348,Hong Ge
7186,Scott Linderman
7370,Kafui Dzirasa
8207,Tara Sainath
8279,Simon Barthelmé
7884,Wonmin Byeon
8203,Meelis Kull
8321,Wang-chun WOO
8372,Adi Botea
8044,Maksim Lapin
7422,Tian Lin
7959,Tomaso A. Poggio
3555,Han Liu
8063,Alp Kucukelbir
7961,Lucas Maystre
2205,Aaron C. Courville
7944,Dustin Tran
6295,Amin Karbasi
7918,D. Sculley
4225,Gunhee Kim
2318,David Danks
6551,Xinghao Pan
7161,Simon Lacoste-Julien
4274,Bill Freeman
8257,Gunwoong Park
7973,Kaiser Asif
8146,Yoshiki Suzuki
8314,Jorge Iparraguirre
7499,Happy Mittal
8413,Eva Tardos
709,Manfred Opper
7319,Balázs Szörényi
6399,David B. Dunson
8130,Julian E. Yarkony
8000,Chao Qu
7956,Nihar Bhadresh Shah
8182,William F. Whitney
7488,Philip Bachman
8171,Ronen Eldan
618,Wolfgang Maass
7940,Jaehyung Lee
8193,Steve K. Esser
8389,Matt J. Kusner
8253,Thijs Laarhoven
6521,Toni Pitassi
8213,Aaron Klein
8038,Qingqing Huang
4074,Daniel Golovin
7630,marc lelarge
8306,Shafin Rahman
5575,Ralph Bourdoukan
2319,Mehryar Mohri
8103,John Tran
5713,Jonathan W. Pillow
8147,Kiran K. Thekumparampil
8036,Sejun Park
2747,Jeff A. Bilmes
7983,Gheorghe Comanici
1501,Joydeep Ghosh
8152,Rasmus Kyng
8122,Ya-Ping Hsieh
8229,Pinar Yanardag
7897,Edward Grefenstette
8011,Ludwig Schmidt
8241,Marc Niethammer
5553,Anton Osokin
2572,Sham M. Kakade
7991,Wei Ping
8378,Long Tran-Thanh
7160,Ian En-Hsu Yen
6597,Nagarajan Natarajan
1661,Sophie Denève
1901,Tong Zhang
8068,Anna E. Choromanska
4032,Emily Fox
6347,Rishabh K. Iyer
8055,Xiangru Lian
8094,Yan Huang
7668,Meisam Razaviyayn
3842,Karthik Sridharan
6455,Liang Wang
7412,Karthikeyan Shanmugam
4147,Piyush Rai
6764,Xiaoxiao Guo
8401,Anastasia Pentina
8079,Lester Mackey
8120,Ye Wang
8099,Junbo Zhao
8008,Scott Sallinen
8400,mladen kolar
8309,Ross Goroshin
6558,Praneeth Netrapalli
5174,Kevin G. Jamieson
3309,Mohammad Ghavamzadeh
8409,Urun Dogan
8014,Kenji Kawaguchi
4355,Andrea Montanari
3758,Andreas Krause
2744,Mark Girolami
6548,Alex J. Smola
7287,Quoc V. Le
5636,Mohammad Norouzi
8385,Krzysztof Dembczynski
8236,Dmitri Chklovskii
8090,Cesc C. Park
8190,Hyeonwoo Noh
8113,Sebastian Bitzer
8410,Alexander Binder
7351,Pramod Viswanath
7984,Prakash Panangaden
8288,Christopher R. Dance
2724,Alina Beygelzimer
6438,Michael C. Hughes
6439,Erik Sudderth
5014,Nati Srebro
8153,Anup Rao
7438,Kacper P. Chwialkowski
6308,Josh Tenenbaum
8294,Hongzhou Lin
8246,Patrick Lucey
2732,Matthias Hein
8286,Wei Sun
4389,Ichiro Takeuchi
6322,Rob Nowak
5404,Eunho Yang
8183,Pedro O. Pinheiro
8208,Harm de Vries
8051,Stéphan Clémençon
4519,Ofer Meshi
2628,Branislav Kveton
5143,Jun Wang
4943,Scott Niekum
5132,Bo Chen
7685,Kyle R. Ulrich
8096,Jiajun Wu
7154,Zhaoran Wang
2784,Jieping Ye
7484,Li Xu
7598,Bohyung Han
7079,Ofer Zeitouni
3602,Ohad Shamir
7953,Thibaut Lienart
6323,Jie Wang
8191,Junhyuk Oh
8256,Pierre Baque
8053,François-Xavier Briol
8323,Finale Doshi-Velez
3567,Hao Wang
5657,Isabel Valera
6745,Jan R. Peters
8376,Jaya Kawale
8347,Nilesh Tripuraneni
8136,Ivan Petej
8395,Bryan D. He
2150,Mikhail Belkin
2313,Ilya Shpitser
5638,Tuo Zhao
5442,Nicholas Ruozzi
1912,Jason Weston
1453,Martin Riedmiller
2037,Pascal Vincent
7192,Kyunghyun Cho
7977,Cynthia Freeman
3631,Satyen Kale
8311,David Kappel
1019,Tommi Jaakkola
7970,Aaditya Ramdas
8054,Chris Oates
6464,Daniel J. Hsu
8086,arthur szlam
6369,Pradeep K. Ravikumar
7981,Andrew Forney
8106,Armando Solar-Lezama
7137,Bo Xie
4638,Ji Liu
8100,Alireza Makhzani
7893,Michael Eickenberg
7993,Arun Tejasvi Chaganty
6366,Cho-Jui Hsieh
8299,Brendan van Rooyen
7952,Carlton Downey
8050,Aurélien Bellet
8331,David Schlegel
8270,ABHISEK KUNDU
8020,Azin Ashkan
3963,Kamalika Chaudhuri
8353,David Mimno
4240,Uri Hasson
4368,Hamed Pirsiavash
8097,Ilker Yildirim
3696,Yuval Tassa
3620,Sujay Sanghavi
1904,Dale Schuurmans
7968,Yao Xie
3039,Dustin Lang
7461,Cassio P. de Campos
8217,Frank Hutter
8108,Alexander Novikov
4993,Qiang Ji
8109,Dmitrii Podoprikhin
6586,Jonas Peters
8233,Bryan Kian Hsiang Low
6621,Michalis Titsias
8072,Galen Andrew
8165,Takashi Takenouchi
4388,Masayuki Karasuyama
8163,Will Perkins
2794,Rob Fergus
8392,Tianyang Li
7636,Nisarg Shah
8379,Fangjian Guo
8226,ming yuan
7914,Mehran Sahami
8342,Ji He
6631,Trevor Campbell
8225,Zhuoran Yang
200,Yann LeCun
3982,Gerhard Neumann
7478,Hiroshi Sawada
5637,Fang Han
6306,Tejas D. Kulkarni
1989,Koby Crammer
4314,Seungjin Choi
7925,Jean-François Crespo
8251,Alexandr Andoni
893,Babak Hassibi
7965,Nicolai Meinshausen
8180,Adria Recasens
3516,Lars Buesing
4667,Yi Sun
8343,Yelong Shen
4513,Olivier Colliot
3557,Nakul Verma
8151,Qinqing Zheng
4018,Chris Lucas
8418,Yingbin Liang
8164,Santosh Vempala
8028,Li Zhang
5372,Stefan Habenschuss
8436,Yifan Wu
8243,Ulrich Bauer
8088,Wenxiu Sun
8016,Christopher M. De Sa
7307,Joseph Salmon
8351,Moontae Lee
8255,Jonas W. Mueller
3959,Ilya Sutskever
7448,Thang D. Bui
7235,Changyou Chen
7669,Mingyi Hong
3753,Slav Petrov
7868,Xiaolin Hu
8248,Yi-An Ma
7946,Anastasia Podosinnikova
8366,Xiaocheng Shang
8064,Rajesh Ranganath
8338,Joschka Boedecker
6446,Remi Munos
8322,Noam Shazeer
2384,Rajesh P. Rao
7541,Nigel Goddard
8304,Lasse Espeholt
4953,Mark D. Reid
7900,Oren Rippel
7958,Hossein Mobahi
7874,Vishwanathan Ashwin
6545,Jimmy Ba
7980,Timothy Kopp
7871,Geoffrey Hinton
8399,Siqi Sun
8396,Janne H. Korhonen
8408,Yunwen Lei
8076,YUANJUN GAO
8301,Jeffrey Pennington
7986,Kannan Ramchandran
8166,Constantinos Daskalakis
8009,Bibaswan K. Chatterjee
7310,Jiaming Xu
7907,Juha T. Karhunen
8027,Abhradeep Thakurta
7424,Chicheng Zhang
8377,Hung H. Bui
6274,Guy Van den Broeck
8169,Yaron Singer
8116,Guosheng Lin
6343,Harikrishna Narasimhan
2816,Ruslan R. Salakhutdinov
2108,Chiranjib Bhattacharyya
7400,Piotr Dollar
6360,Zohar S. Karnin
7125,Milan Vojnovic
7909,Junyoung Chung
8001,Yali Wan
8298,Kai-Yang Chiang
8370,Akihiro Kishimoto
8212,Matthias Feurer
7222,Christopher Ré
8359,Ahmad Qamar
4435,Mingyuan Zhou
8325,Tianlin Shi
6504,Kai Fan
3212,Henry Kautz
8398,Zhan Wei Lim
6553,Baharan Mirzasoleiman
8081,Andrew Isaac Meso
7906,Akos Vetek
7872,Kisuk Lee
8026,Kunal Talwar
3001,Lawrence Carin
8250,Rahul G. Krishnan
4585,Silvia Villa
7502,Somdeb Sarkhel
8143,Siddhartha Banerjee
2966,Kilian Q. Weinberger
2686,Pieter Abbeel
4285,Petros Drineas
8029,Yossi Arjevani
8156,Christian Borgs
5588,James Hensman
8332,Shixiang Gu
8061,Manuel Rodriguez
7979,Shaona Ghosh
8138,Maxim Rabinovich
7633,Ariel D. Procaccia
6644,Aryeh Kontorovich
4022,Shakir Mohamed
8023,Xiaoming Yuan
7921,Todd Phillips
5586,Youssef Mroueh
8149,Chao Qian
8092,C. Lawrence Zitnick
8307,Antti Rasmus
8087,Qiong Yan
5558,Yuekai Sun
8150,Yang Yu
8065,Andrew Gelman
8222,Maurizio Filippone
4509,Raquel Urtasun
